time,seed1,seed2,seed3,seed4,seed5,seed6,seed7,seed8,seed9,seed10,average
1.0,0.0,0.0,0.0,0.0,0.0,0.0,0.0,0.0,0.0,0.0,0.0
2.0,0.0,0.0,0.0,0.0,0.0,0.0,0.0,0.0,0.0,0.0,0.0
3.0,0.0,0.0,0.0,0.0,0.0,0.0,0.0,0.0,0.0,0.0,0.0
4.0,0.0,0.0,0.0,0.0,0.0,0.0,0.0,0.0,0.0,0.0,0.0
5.0,0.0,0.0,0.0,0.0,0.0,0.0,0.0,0.0,0.0,0.0,0.0
6.0,0.0,0.0,0.0,0.0,0.0,0.0,0.0,0.0,0.0,0.0,0.0
7.0,0.0,0.0,0.0,0.0,0.0,0.0,0.0,0.0,0.0,0.0,0.0
8.0,0.0,0.0,0.0,0.0,0.0,0.0,0.0,0.0,0.0,0.0,0.0
9.0,0.0,0.0,0.0,0.0,0.0,0.0,0.0,0.0,0.0,0.0,0.0
10.0,0.0,0.0,0.0,0.0,0.0,0.0,0.0,0.0,0.0,0.0,0.0
11.0,0.0,0.0,0.0,0.0,0.0,0.0,0.0,0.0,0.0,0.0,0.0
12.0,0.0,0.0,0.0,0.0,0.0,0.0,0.0,0.0,0.0,0.0,0.0
13.0,0.0,0.0,0.0,0.0,0.0,0.0,0.0,0.0,0.0,0.0,0.0
14.0,0.0,0.0,0.0,0.0,0.0,0.0,0.0,0.0,0.0,0.0,0.0
15.0,0.0,0.0,0.0,0.0,0.0,0.0,0.0,0.0,0.0,0.0,0.0
16.0,0.0,0.0,0.0,0.0,0.0,0.0,0.0,0.0,0.0,0.0,0.0
17.0,0.0,0.0,0.0,0.0,0.0,0.0,0.0,0.0,0.0,0.0,0.0
18.0,0.0,0.0,0.0,0.0,0.0,0.0,0.0,0.0,0.0,0.0,0.0
19.0,0.0,0.0,0.0,0.0,0.0,0.0,0.0,0.0,0.0,0.0,0.0
20.0,0.0,0.0,0.0,0.0,0.0,0.0,0.0,0.0,0.0,0.0,0.0
21.0,0.0,0.0,0.0,0.0,0.0,0.0,0.0,0.0,0.0,0.0,0.0
22.0,0.0,0.0,0.0,0.0,0.0,0.0,0.0,0.0,0.0,0.0,0.0
23.0,0.0,0.0,0.0,0.0,0.0,0.0,0.0,0.0,0.0,0.0,0.0
24.0,0.0,0.0,0.0,0.0,0.0,0.0,0.0,0.0,0.0,0.0,0.0
25.0,0.0,0.0,0.0,0.0,0.0,0.0,0.0,0.0,0.0,0.0,0.0
26.0,0.0,0.0,0.0,0.0,0.0,0.0,0.0,0.0,0.0,0.0,0.0
27.0,0.0,0.0,0.0,0.0,0.0,0.0,0.0,0.0,0.0,0.0,0.0
28.0,0.0,0.0,0.0,0.0,0.0,0.0,0.0,0.0,0.0,0.0,0.0
29.0,0.0,0.0,0.0,0.0,0.0,0.0,0.0,0.0,0.0,0.0,0.0
30.0,0.0,0.0,0.0,0.0,0.0,0.0,0.0,0.0,0.0,0.0,0.0
31.0,0.0,0.0,0.0,0.0,0.0,0.0,0.0,0.0,0.0,0.0,0.0
32.0,0.0,0.0,0.0,0.0,0.0,0.0,0.0,0.0,0.0,0.0,0.0
33.0,0.0,0.0,0.0,0.0,0.0,0.0,0.0,0.0,0.0,0.0,0.0
34.0,0.0,0.0,0.0,0.0,0.0,0.0,0.0,0.0,0.0,0.0,0.0
35.0,0.0,0.0,0.0,0.0,0.0,0.0,0.0,0.0,0.0,0.0,0.0
36.0,0.0,0.0,0.0,0.0,0.0,0.0,0.0,0.0,0.0,0.0,0.0
37.0,0.0,0.0,0.0,0.0,0.0,0.0,0.0,0.0,0.0,0.0,0.0
38.0,0.0,0.0,0.0,0.0,0.0,0.0,0.0,0.0,0.0,0.0,0.0
39.0,0.0,0.0,0.0,0.0,0.0,0.0,0.0,0.0,0.0,0.0,0.0
40.0,0.0,0.0,0.0,0.0,0.0,0.0,0.0,0.0,0.0,0.0,0.0
41.0,0.0,0.0,0.0,0.0,0.0,0.0,0.0,0.0,0.0,0.0,0.0
42.0,0.0,0.0,0.0,0.0,0.0,0.0,0.0,0.0,0.0,0.0,0.0
43.0,0.0,0.0,0.0,0.0,0.0,0.0,0.0,0.0,0.0,0.0,0.0
44.0,0.0,0.0,0.0,0.0,0.0,0.0,0.0,0.0,0.0,0.0,0.0
45.0,0.0,0.0,0.0,0.0,0.0,0.0,0.0,0.0,0.0,0.0,0.0
46.0,0.0,0.0,0.0,0.0,0.0,0.0,0.0,0.0,0.0,0.0,0.0
47.0,0.0,0.0,0.0,0.0,0.0,0.0,0.0,0.0,0.0,0.0,0.0
48.0,0.0,0.0,0.0,0.0,0.0,0.0,0.0,0.0,0.0,0.0,0.0
49.0,0.0,0.0,0.0,0.0,0.0,0.0,0.0,0.0,0.0,0.0,0.0
50.0,0.0,0.0,0.0,0.0,0.0,0.0,0.0,0.0,0.0,0.0,0.0
51.0,0.0,0.0,0.0,0.0,0.0,0.0,0.0,0.0,0.0,0.0,0.0
52.0,0.0,0.0,0.0,0.0,0.0,0.0,0.0,0.0,0.0,0.0,0.0
53.0,0.0,0.0,0.0,0.0,0.0,0.0,0.0,0.0,0.0,0.0,0.0
54.0,0.0,0.0,0.0,0.0,0.0,0.0,0.0,0.0,0.0,0.0,0.0
55.0,0.0,0.0,0.0,0.0,0.0,0.0,0.0,0.0,0.0,0.0,0.0
56.0,0.0,0.0,0.0,0.0,0.0,0.0,0.0,0.0,0.0,0.0,0.0
57.0,0.0,0.0,0.0,0.0,0.0,0.0,0.0,0.0,0.0,0.0,0.0
58.0,0.0,0.0,0.0,0.0,0.0,0.0,0.0,0.0,0.0,0.0,0.0
59.0,0.0,0.0,0.0,0.0,0.0,0.0,0.0,0.0,0.0,0.0,0.0
60.0,0.0,0.0,0.0,0.0,0.0,0.0,0.0,0.0,0.0,0.0,0.0
61.0,0.0,0.0,0.0,0.0,0.0,0.0,0.0,0.0,0.0,0.0,0.0
62.0,0.0,0.0,0.0,0.0,0.0,0.0,0.0,0.0,0.0,0.0,0.0
63.0,0.0,0.0,0.0,0.0,0.0,0.0,0.0,0.0,0.0,0.0,0.0
64.0,0.0,0.0,0.0,0.0,0.0,0.0,0.0,0.0,0.0,0.0,0.0
65.0,0.0,0.0,0.0,0.0,0.0,0.0,0.0,0.0,0.0,0.0,0.0
66.0,0.0,0.0,0.0,0.0,0.0,0.0,0.0,0.0,0.0,0.0,0.0
67.0,0.0,0.0,0.0,0.0,0.0,0.0,0.0,0.0,0.0,0.0,0.0
68.0,0.0,0.0,0.0,0.0,0.0,0.0,0.0,0.0,0.0,0.0,0.0
69.0,0.0,0.0,0.0,0.0,0.0,0.0,0.0,0.0,0.0,0.0,0.0
70.0,0.0,0.0,0.0,0.0,0.0,0.0,0.0,0.0,0.0,0.0,0.0
71.0,0.0,0.0,0.0,0.0,0.0,0.0,0.0,0.0,0.0,0.0,0.0
72.0,0.0,0.0,0.0,0.0,0.0,0.0,0.0,0.0,0.0,0.0,0.0
73.0,0.0,0.0,0.0,0.0,0.0,0.0,0.0,0.0,0.0,0.0,0.0
74.0,0.0,0.0,0.0,0.0,0.0,0.0,0.0,0.0,0.0,0.0,0.0
75.0,0.0,0.0,0.0,0.0,0.0,0.0,0.0,0.0,0.0,0.0,0.0
76.0,0.0,0.0,0.0,0.0,0.0,0.0,0.0,0.0,0.0,0.0,0.0
77.0,0.0,0.0,0.0,0.0,0.0,0.0,0.0,0.0,0.0,0.0,0.0
78.0,0.0,0.0,0.0,0.0,0.0,0.0,0.0,0.0,0.0,0.0,0.0
79.0,0.0,0.0,0.0,0.0,0.0,0.0,0.0,0.0,0.0,0.0,0.0
80.0,0.0,0.0,0.0,0.0,0.0,0.0,0.0,0.0,0.0,0.0,0.0
81.0,0.0,0.0,0.0,0.0,0.0,0.0,0.0,0.0,0.0,0.0,0.0
82.0,0.0,0.0,0.0,0.0,0.0,0.0,0.0,0.0,0.0,0.0,0.0
83.0,0.0,0.0,0.0,0.0,0.0,0.0,0.0,0.0,0.0,0.0,0.0
84.0,0.0,0.0,0.0,0.0,0.0,0.0,0.0,0.0,0.0,0.0,0.0
85.0,0.0,0.0,0.0,0.0,0.0,0.0,0.0,0.0,0.0,0.0,0.0
86.0,0.0,0.0,0.0,0.0,0.0,0.0,0.0,0.0,0.0,0.0,0.0
87.0,0.0,0.0,0.0,0.0,0.0,0.0,0.0,0.0,0.0,0.0,0.0
88.0,0.0,0.0,0.0,0.0,0.0,0.0,0.0,0.0,0.0,0.0,0.0
89.0,0.0,0.0,0.0,0.0,0.0,0.0,0.0,0.0,0.0,0.0,0.0
90.0,0.0,0.0,0.0,0.0,0.0,0.0,0.0,0.0,0.0,0.0,0.0
91.0,0.0,0.0,0.0,0.0,0.0,0.0,0.0,0.0,0.0,0.0,0.0
92.0,0.0,0.0,0.0,0.0,0.0,0.0,0.0,0.0,0.0,0.0,0.0
93.0,0.0,0.0,0.0,0.0,0.0,0.0,0.0,0.0,0.0,0.0,0.0
94.0,0.0,0.0,0.0,0.0,0.0,0.0,0.0,0.0,0.0,0.0,0.0
95.0,0.0,0.0,0.0,0.0,0.0,0.0,0.0,0.0,0.0,0.0,0.0
96.0,0.0,0.0,0.0,0.0,0.0,0.0,0.0,0.0,0.0,0.0,0.0
97.0,0.0,0.0,0.0,0.0,0.0,0.0,0.0,0.0,0.0,0.0,0.0
98.0,0.0,0.0,0.0,0.0,0.0,0.0,0.0,0.0,0.0,0.0,0.0
99.0,0.0,0.0,0.0,0.0,0.0,0.0,0.0,0.0,0.0,0.0,0.0
100.0,0.0,0.0,0.0,0.0,0.0,0.0,0.0,0.0,0.0,0.0,0.0
101.0,0.0,0.0,0.0,0.0,0.0,0.0,0.0,0.0,0.0,0.0,0.0
102.0,0.0,0.0,0.0,0.0,0.0,0.0,0.0,0.0,0.0,0.0,0.0
103.0,0.0,0.0,0.0,0.0,0.0,0.0,0.0,0.0,0.0,0.0,0.0
104.0,0.0,0.0,0.0,0.0,0.0,0.0,0.0,0.0,0.0,0.0,0.0
105.0,0.0,0.0,0.0,0.0,0.0,0.0,0.0,0.0,0.0,0.0,0.0
106.0,0.0,0.0,0.0,0.0,0.0,0.0,0.0,0.0,0.0,0.0,0.0
107.0,0.0,0.0,0.0,0.0,0.0,0.0,0.0,0.0,0.0,0.0,0.0
108.0,0.0,0.0,0.0,0.0,0.0,0.0,0.0,0.0,0.0,0.0,0.0
109.0,0.0,0.0,0.0,0.0,0.0,0.0,0.0,0.0,0.0,0.0,0.0
110.0,0.0,0.0,0.0,0.0,0.0,0.0,0.0,0.0,0.0,0.0,0.0
111.0,0.0,0.0,0.0,0.0,0.0,0.0,0.0,0.0,0.0,0.0,0.0
112.0,0.0,0.0,0.0,0.0,0.0,0.0,0.0,0.0,0.0,0.0,0.0
113.0,0.0,0.0,0.0,0.0,0.0,0.0,0.0,0.0,0.0,0.0,0.0
114.0,0.0,0.0,0.0,0.0,0.0,0.0,0.0,0.0,0.0,0.0,0.0
115.0,0.0,0.0,0.0,0.0,0.0,0.0,0.0,0.0,0.0,0.0,0.0
116.0,0.0,0.0,0.0,0.0,0.0,0.0,0.0,0.0,0.0,0.0,0.0
117.0,0.0,0.0,0.0,0.0,0.0,0.0,0.0,0.0,0.0,0.0,0.0
118.0,0.0,0.0,0.0,0.0,0.0,0.0,0.0,0.0,0.0,0.0,0.0
119.0,0.0,0.0,0.0,0.0,0.0,0.0,0.0,0.0,0.0,0.0,0.0
120.0,0.0,0.0,0.0,0.0,0.0,0.0,0.0,0.0,0.0,0.0,0.0
121.0,0.0,0.0,0.0,0.0,0.0,0.0,0.0,0.0,0.0,0.0,0.0
122.0,0.0,0.0,0.0,0.0,0.0,0.0,0.0,0.0,0.0,0.0,0.0
123.0,0.0,0.0,0.0,0.0,0.0,0.0,0.0,0.0,0.0,0.0,0.0
124.0,0.0,0.0,0.0,0.0,0.0,0.0,0.0,0.0,0.0,0.0,0.0
125.0,0.0,0.0,0.0,0.0,0.0,0.0,0.0,0.0,0.0,0.0,0.0
126.0,0.0,0.0,0.0,0.0,0.0,0.0,0.0,0.0,0.0,0.0,0.0
127.0,0.0,0.0,0.0,0.0,0.0,0.0,0.0,0.0,0.0,0.0,0.0
128.0,0.0,0.0,0.0,0.0,0.0,0.0,0.0,0.0,0.0,0.0,0.0
129.0,0.0,0.0,0.0,0.0,0.0,0.0,0.0,0.0,0.0,0.0,0.0
130.0,0.0,0.0,0.0,0.0,0.0,0.0,0.0,0.0,0.0,0.0,0.0
131.0,0.0,0.0,0.0,0.0,0.0,0.0,0.0,0.0,0.0,0.0,0.0
132.0,0.0,0.0,0.0,0.0,0.0,0.0,0.0,0.0,0.0,0.0,0.0
133.0,0.0,0.0,0.0,0.0,0.0,0.0,0.0,0.0,0.0,0.0,0.0
134.0,0.0,0.0,0.0,0.0,0.0,0.0,0.0,0.0,0.0,0.0,0.0
135.0,0.0,0.0,0.0,0.0,0.0,0.0,0.0,0.0,0.0,0.0,0.0
136.0,0.0,0.0,0.0,0.0,0.0,0.0,0.0,0.0,0.0,0.0,0.0
137.0,0.0,0.0,0.0,0.0,0.0,0.0,0.0,0.0,0.0,0.0,0.0
138.0,0.0,0.0,0.0,0.0,113.43682076512573,0.0,0.0,0.0,0.0,0.0,11.343682076512573
139.0,0.0,0.0,0.0,0.0,0.0,0.0,0.0,0.0,0.0,0.0,0.0
140.0,0.0,0.0,0.0,0.0,0.0,0.0,0.0,0.0,0.0,0.0,0.0
141.0,0.0,0.0,0.0,114.3479271141764,105.70409351794865,0.0,0.0,0.0,0.0,0.0,22.005202063212504
142.0,0.0,0.0,0.0,0.0,0.0,0.0,0.0,0.0,0.0,0.0,0.0
143.0,0.0,0.0,0.0,119.97439720405919,138.41552193304506,0.0,0.0,0.0,0.0,0.0,25.838991913710423
144.0,0.0,0.0,0.0,0.0,126.96543564644799,0.0,0.0,0.0,0.0,0.0,12.696543564644799
145.0,0.0,0.0,0.0,0.0,116.06811829086973,0.0,0.0,0.0,0.0,0.0,11.606811829086974
146.0,0.0,0.0,0.0,115.07803895556822,133.06491099785308,0.0,0.0,0.0,0.0,0.0,24.81429499534213
147.0,0.0,0.0,0.0,0.0,121.9339947481501,0.0,0.0,0.0,0.0,0.0,12.19339947481501
148.0,0.0,0.0,0.0,0.0,111.13716902916099,0.0,0.0,0.0,0.0,0.0,11.1137169029161
149.0,0.0,0.0,0.0,0.0,100.61447707496518,0.0,0.0,0.0,0.0,0.0,10.061447707496518
150.0,0.0,0.0,0.0,0.0,0.0,0.0,0.0,0.0,0.0,0.0,0.0
151.0,0.0,0.0,0.0,115.76768219961104,107.17653535033605,0.0,0.0,0.0,0.0,0.0,22.29442175499471
152.0,0.0,0.0,0.0,104.92604131116695,124.83940784148695,0.0,0.0,0.0,0.0,0.0,22.97654491526539
153.0,0.0,0.0,0.0,0.0,113.62449685463775,0.0,0.0,0.0,0.0,0.0,11.362449685463776
154.0,0.0,0.0,0.0,136.96155496340566,102.94504113257767,0.0,0.0,0.0,0.0,0.0,23.99065960959833
155.0,0.0,0.0,0.0,99.57028669764395,0.0,0.0,0.0,0.0,0.0,0.0,9.957028669764394
156.0,0.0,0.0,0.0,115.22953569893343,82.88489550429108,0.0,0.0,0.0,0.0,0.0,19.81144312032245
157.0,0.0,0.0,0.0,104.87315746699596,125.75111561625295,0.0,0.0,0.0,0.0,0.0,23.062427308324892
158.0,0.0,0.0,0.0,147.17485500386852,115.25527956895849,0.0,0.0,0.0,0.0,0.0,26.2430134572827
159.0,0.0,0.0,0.0,135.87451938946947,132.14194032769137,0.0,0.0,0.0,0.0,0.0,26.801645971716084
160.0,95.70969570111833,0.0,0.0,0.0,121.25365126903148,0.0,0.0,0.0,0.0,0.0,21.696334697014983
161.0,0.0,0.0,0.0,167.6839638800459,136.29573376021494,0.0,0.0,0.0,0.0,0.0,30.397969764026083
162.0,0.0,0.0,0.0,104.65484342320269,125.88421392229088,0.0,0.0,0.0,0.0,0.0,23.053905734549357
163.0,0.0,0.0,0.0,145.97426304835858,142.05093514854093,0.0,0.0,0.0,0.0,0.0,28.80251981968995
164.0,0.0,0.0,0.0,0.0,158.98038178466277,0.0,0.0,0.0,0.0,0.0,15.898038178466276
165.0,0.0,0.0,0.0,100.18700917908018,147.84413605006944,0.0,0.0,0.0,0.0,0.0,24.80311452291496
166.0,0.0,0.0,0.0,141.5091591016585,137.25900479492975,0.0,0.0,0.0,0.0,0.0,27.876816389658824
167.0,104.40020198594493,0.0,0.0,131.00625681393876,153.88981848101912,0.0,0.0,0.0,0.0,0.0,38.92962772809028
168.0,0.0,0.0,0.0,95.41891599480095,171.14832502159788,0.0,0.0,0.0,0.0,0.0,26.656724101639885
169.0,110.66339605781332,0.0,0.0,165.01231515434574,160.03852408831426,0.0,0.0,0.0,0.0,0.0,43.57142353004733
170.0,99.57820240641627,0.0,0.0,153.6491904879847,149.20988301494594,0.0,0.0,0.0,0.0,0.0,40.24372759093469
171.0,0.0,0.0,0.0,143.0622030233394,138.8001244516306,0.0,0.0,0.0,0.0,0.0,28.186232747497
172.0,0.0,0.0,0.0,160.1569291867388,128.76182122731802,0.0,0.0,0.0,0.0,0.0,28.891875041405683
173.0,0.0,0.0,0.0,149.25696003395524,196.8095122729153,0.0,0.0,0.0,0.0,0.0,34.60664723068705
174.0,0.0,0.0,0.0,112.37651140664934,186.1153829759703,0.0,0.0,0.0,0.0,0.0,29.849189438261966
175.0,128.62581613502198,0.0,0.0,155.36866153141932,149.83216360313395,0.0,0.0,0.0,0.0,0.0,43.38266412695752
176.0,145.2967237361645,0.0,0.0,168.43133266555856,191.61470313273412,0.0,0.0,0.0,0.0,0.0,50.534275953445714
177.0,134.17020661387392,0.0,0.0,158.52724830903549,181.25443238689422,0.0,0.0,0.0,0.0,0.0,47.395188730980365
178.0,258.2713579290462,0.0,0.0,148.25462708014607,94.53175751686854,0.0,0.0,0.0,0.0,0.0,50.10577425260608
179.0,219.93367986779276,105.7801610684296,0.0,138.41244617634698,109.03087613756043,0.0,0.0,0.0,0.0,0.0,57.31571632501298
180.0,236.0220914580484,0.0,0.0,154.2367753621263,203.06657929875382,0.0,0.0,0.0,0.0,0.0,59.33254461189286
181.0,225.69801101151188,0.0,0.0,219.29043595141775,191.8857324714752,0.0,0.0,0.0,0.0,0.0,63.68741794344048
182.0,215.76212222951267,0.0,0.0,187.94422792418345,181.08137881688344,0.0,0.0,0.0,0.0,0.0,58.47877289705796
183.0,206.17386559480065,0.0,0.0,197.8270872053481,198.55617559471784,0.0,0.0,0.0,0.0,0.0,60.25571283948666
184.0,196.62732993498594,0.0,0.0,242.99912160756685,187.48719579668614,0.0,0.0,0.0,0.0,0.0,62.711364733923894
185.0,187.19841261551232,0.0,0.0,155.24891859644208,176.67132470070578,0.0,0.0,0.0,0.0,0.0,51.91186559126602
186.0,177.79962470457804,0.0,0.0,192.74474358506131,166.1108461540864,0.0,0.0,0.0,0.0,0.0,53.66552144437257
187.0,168.64308384141214,102.62864379306984,0.0,182.39843502320832,156.0499654096311,0.0,0.0,0.0,0.0,0.0,60.97201280673214
188.0,159.29751929719782,0.0,0.0,198.69199579799124,146.15769573923694,0.0,0.0,0.0,0.0,0.0,50.4147210834426
189.0,150.22783834621896,0.0,104.84254055471456,138.01384633006637,136.34794995314246,0.0,0.0,0.0,0.0,0.0,52.94321751841424
190.0,167.47751450479132,0.0,122.11650517138378,204.25983857980918,126.97831733036105,0.0,0.0,0.0,0.0,0.0,62.08321755863453
191.0,157.07711566751072,115.84972516844891,111.0285563179657,235.8793429027835,117.86714948037547,0.0,0.0,0.0,0.0,0.0,73.77018895370843
192.0,147.48215368840943,104.78921992797291,100.40232818959703,225.1691047284105,136.16975176827464,0.0,0.0,0.0,0.0,0.0,71.40125583026645
193.0,138.52023067524283,0.0,117.49184028857553,172.94309778102297,125.81347897168712,0.0,0.0,0.0,0.0,0.0,55.47686477165284
194.0,129.72042821454625,168.42381855031272,106.59306440367163,162.91685205961426,115.82796770444475,0.0,0.0,0.0,0.0,0.0,68.34821309325896
195.0,121.22417275941689,127.97230780408199,0.0,153.11313121621515,133.38983348129227,0.0,0.0,0.0,0.0,0.0,53.56994452610063
196.0,112.80900968902006,145.18423000191547,0.0,143.6507248128887,122.80506321008397,0.0,0.0,0.0,0.0,0.0,52.44490277139082
197.0,104.2890231216536,133.87919094662675,154.73790541133621,134.52298080220498,113.04502871636237,0.0,0.0,0.0,0.0,0.0,64.0474128998184
198.0,123.38026801852152,123.20760788963798,143.81698061144107,124.20033450440565,129.75976728163164,0.0,0.0,0.0,0.0,0.0,64.43649583056379
199.0,139.16150061677604,112.52035783749989,188.1284400373927,115.71386463983663,119.42355144925637,0.0,0.0,0.0,0.0,0.0,67.49477145807616
200.0,128.63179844463457,128.33821073513445,176.5259292797955,132.96818355921573,193.94167351323426,0.0,0.0,0.0,0.0,0.0,76.04057955320145
201.0,118.33988738851144,144.00849684374225,165.13553409074257,122.89829671697976,126.71978300641013,0.0,0.0,0.0,0.0,0.0,67.71019980463862
202.0,83.44727306083837,107.5098601568684,154.1449448177616,113.14381284192405,116.59392933668732,0.0,0.0,0.0,0.0,0.0,57.483982021407975
203.0,98.65766584171774,149.68279974373468,143.4886572476255,131.37951255084113,107.3116372755751,0.0,0.0,0.0,0.0,0.0,63.05202726594941
204.0,89.71425049795903,138.98299442967254,107.39565264241264,120.95904856979678,98.61034620262876,0.0,0.0,0.0,0.0,0.0,55.566229234246975
205.0,81.38145383994265,128.55049567067545,122.45992210645295,111.4643580623706,90.09503810400406,0.0,0.0,0.0,0.0,0.0,53.39512677834457
206.0,0.0,145.16946087568,139.2068316324403,128.13424661123213,107.86677338205823,0.0,0.0,0.0,0.0,0.0,52.037731250141064
207.0,93.24254253359254,134.6851350973002,128.82236728946077,117.97619606576745,97.55278878012177,0.0,0.0,0.0,0.0,0.0,57.22790297662427
208.0,0.0,124.55022574594227,118.48163950975845,136.34919006092218,87.90574470324736,0.0,0.0,0.0,0.0,0.0,46.72868000198703
209.0,0.0,140.95674824104253,108.80721091436203,125.76852114966732,0.0,0.0,0.0,0.0,0.0,0.0,37.55324803050719
210.0,92.40585550473702,157.9429748421976,99.27542397332877,115.56451808160159,96.59096976489991,0.0,0.0,0.0,0.0,0.0,56.17797421667649
211.0,0.0,120.46620828744562,144.05646546058415,105.75981787400087,86.91271040445395,0.0,0.0,0.0,0.0,0.0,45.71952020264846
212.0,0.0,164.21727786060592,133.34090101814832,122.40878733245609,0.0,0.0,0.0,0.0,0.0,0.0,41.99669662112103
213.0,0.0,100.67771642585353,122.61654639903736,112.49795318456927,95.56871697567908,0.0,0.0,0.0,0.0,0.0,43.13609329851393
214.0,0.0,142.52451418287114,112.44934266320206,129.59952661929788,85.75360727458019,0.0,0.0,0.0,0.0,0.0,47.032699073995126
215.0,0.0,132.11611922900101,102.4760401974886,119.3505930227318,0.0,0.0,0.0,0.0,0.0,0.0,35.39427524492214
216.0,0.0,121.77163212521077,120.0335277610427,109.87384985407061,0.0,0.0,0.0,0.0,0.0,0.0,35.167900974032406
217.0,0.0,112.12472222484485,109.26616573895922,100.7144434246884,0.0,0.0,0.0,0.0,0.0,0.0,32.21053313884924
218.0,96.75913094713383,102.64155083325932,126.4326898952695,91.80271046059374,0.0,0.0,0.0,0.0,0.0,0.0,41.76360821362564
219.0,0.0,119.45435257126383,115.7170746445554,83.31044055411144,0.0,0.0,0.0,0.0,0.0,0.0,31.848186776993067
220.0,0.0,109.30299970771148,133.16291965467667,0.0,0.0,0.0,0.0,0.0,0.0,0.0,24.246591936238815
221.0,0.0,99.49077268825067,122.32677511173893,0.0,105.1007368138753,0.0,0.0,0.0,0.0,0.0,32.69182846138649
222.0,0.0,115.90964272526094,138.54690575700238,0.0,93.91371626137857,0.0,0.0,0.0,0.0,0.0,34.83702647436419
223.0,100.22010712209817,163.10479281927837,127.98931848149164,0.0,0.0,0.0,0.0,0.0,0.0,0.0,39.13142184228682
224.0,89.71490586202117,96.26557291508698,117.78102070710383,0.0,0.0,0.0,0.0,0.0,0.0,0.0,30.376149948421197
225.0,0.0,437.5076889625948,134.17774398101596,0.0,0.0,0.0,0.0,0.0,0.0,0.0,57.16854329436107
226.0,96.58860224479463,129.1075366908624,97.29132772613434,0.0,108.55358094219014,0.0,0.0,0.0,0.0,0.0,43.15410476039815
227.0,0.0,118.6436402326633,113.02033738740079,0.0,124.95084229765257,0.0,0.0,0.0,0.0,0.0,35.661481991771666
228.0,0.0,135.4797468490251,129.137779301612,0.0,113.98201603310281,0.0,0.0,0.0,0.0,0.0,37.85995421837399
229.0,96.29762517766926,124.82479212837916,118.99738525502039,0.0,103.46276999752831,0.0,0.0,0.0,0.0,0.0,44.35825725585971
230.0,113.22095854347776,114.73744536869367,135.43884189994446,0.0,93.43848761725258,0.0,0.0,0.0,0.0,0.0,45.683573342936846
231.0,102.16364687620285,104.88578452534102,153.21500799176738,0.0,0.0,0.0,0.0,0.0,0.0,0.0,36.02644393933112
232.0,126.22715633455277,121.62943767519073,142.15311692439286,0.0,101.26310073749164,0.0,0.0,0.0,0.0,0.0,49.1272811671628
233.0,142.45419724039562,137.96826843612757,419.9842636840847,99.74860781097254,91.20510026384613,0.0,0.0,0.0,0.0,0.0,89.13604374354266
234.0,132.19444533612568,127.47613267150223,444.8615342319606,0.0,0.0,0.0,0.0,0.0,0.0,0.0,70.45321122395885
235.0,0.0,200.23859149626355,163.81122875048845,0.0,98.9276641061017,0.0,0.0,0.0,0.0,0.0,46.29774843528537
236.0,0.0,188.45414795584793,405.4062332229969,0.0,89.09091632186664,0.0,0.0,0.0,0.0,0.0,68.29512975007114
237.0,0.0,177.2407004623576,402.46842576183417,0.0,0.0,0.0,0.0,0.0,0.0,0.0,57.97091262241918
238.0,0.0,266.4335753661553,428.40353542806406,0.0,0.0,0.0,0.0,0.0,0.0,0.0,69.48371107942194
239.0,0.0,155.33112602291726,357.7105768375329,0.0,0.0,0.0,0.0,0.0,0.0,0.0,51.30417028604502
240.0,0.0,144.76515033304622,350.0493997709593,0.0,109.60543114928169,0.0,0.0,0.0,0.0,0.0,60.44199812532872
241.0,0.0,234.64077674897658,341.06744040294484,0.0,98.53275187625809,0.0,0.0,0.0,0.0,0.0,67.42409690281795
242.0,0.0,223.85898419022737,358.9516375479484,0.0,0.0,0.0,0.0,0.0,0.0,0.0,58.281062173817574
243.0,0.0,213.5490109064151,349.3262361268471,0.0,0.0,0.0,0.0,0.0,0.0,0.0,56.28752470332622
244.0,0.0,177.96121736007126,340.3287635958593,0.0,95.54273066758265,0.0,0.0,0.0,0.0,0.0,61.38327116235132
245.0,0.0,221.0193132106267,331.76962574193067,0.0,0.0,0.0,0.0,0.0,0.0,0.0,55.278893895255734
246.0,0.0,134.255229987127,323.3308794318684,0.0,0.0,0.0,0.0,0.0,0.0,0.0,45.75861094189954
247.0,0.0,198.68462273677142,314.60135064118845,102.43523931302411,93.56207079089313,0.0,0.0,0.0,0.0,0.0,70.9283283481877
248.0,0.0,115.68350201207477,332.29233533557,0.0,0.0,0.0,0.0,0.0,0.0,0.0,44.79758373476447
249.0,0.0,177.61501536895298,322.18280895510134,0.0,0.0,0.0,0.0,0.0,0.0,0.0,49.97978243240543
250.0,0.0,167.48667624493578,312.7328271039846,0.0,0.0,0.0,0.0,0.0,0.0,0.0,48.02195033489204
251.0,0.0,157.6262564973979,175.34523797393422,0.0,0.0,0.0,0.0,0.0,0.0,0.0,33.29714944713321
252.0,0.0,175.48930430331757,293.5611222557759,0.0,0.0,0.0,0.0,0.0,0.0,0.0,46.90504265590935
253.0,0.0,192.9521842394879,311.3062000876291,0.0,0.0,0.0,0.0,0.0,0.0,0.0,50.4258384327117
254.0,0.0,181.77545069764733,300.71953354744096,0.0,77.74765949565767,0.0,0.0,0.0,0.0,0.0,56.0242643740746
255.0,0.0,171.2664931392717,244.24821246863303,100.27232440264447,0.0,0.0,0.0,0.0,0.0,0.0,51.57870300105492
256.0,0.0,189.3289095626876,280.1707517469051,0.0,86.56969505845518,0.0,0.0,0.0,0.0,0.0,55.60693563680479
257.0,0.0,178.29403345027276,270.8159750608361,0.0,0.0,0.0,0.0,0.0,0.0,0.0,44.911000851110884
258.0,0.0,167.0274694676889,312.5021098507725,97.21071486633173,0.0,0.0,0.0,0.0,0.0,0.0,57.674029418479314
259.0,0.0,156.7729232530021,229.7942844787765,0.0,0.0,0.0,0.0,0.0,0.0,0.0,38.65672077317786
260.0,0.0,146.94810899175263,292.2978018997094,0.0,0.0,0.0,0.0,0.0,0.0,0.0,43.924591089146205
261.0,0.0,137.58728771672327,384.1044343255335,0.0,0.0,0.0,0.0,0.0,0.0,0.0,52.169172204225674
262.0,0.0,153.96577133827805,302.18052583936674,0.0,0.0,0.0,0.0,0.0,0.0,0.0,45.61462971776448
263.0,0.0,143.67474443704464,364.16565718173274,0.0,0.0,0.0,0.0,0.0,0.0,0.0,50.78404016187774
264.0,0.0,134.2187700990462,353.63100062852277,0.0,0.0,0.0,0.0,0.0,0.0,0.0,48.784977072756895
265.0,0.0,150.91519961177687,243.5479740329465,0.0,0.0,0.0,0.0,0.0,0.0,0.0,39.446317364472335
266.0,0.0,140.80657137257958,234.64347800333212,0.0,0.0,0.0,0.0,0.0,0.0,0.0,37.54500493759117
267.0,0.0,131.66473212183269,225.86353358920064,0.0,0.0,0.0,0.0,0.0,0.0,0.0,35.752826571103334
268.0,0.0,148.8318278568645,217.01894807084773,113.93747783394429,0.0,0.0,0.0,0.0,0.0,0.0,47.97882537616565
269.0,0.0,138.77499978443143,208.4954287261353,102.667425414734,124.82890542471887,0.0,0.0,0.0,0.0,0.0,57.47667593500196
270.0,0.0,129.50125087902484,316.8799189465917,0.0,0.0,0.0,0.0,0.0,0.0,0.0,44.638116982561655
271.0,0.0,147.94091850197674,307.54333497449807,0.0,102.30697265983076,0.0,0.0,0.0,0.0,0.0,55.779122613630555
272.0,0.0,162.48851356402747,326.0889040934778,0.0,0.0,0.0,0.0,0.0,0.0,0.0,48.85774176575053
273.0,0.0,178.74481775964,334.4050751203554,0.0,0.0,0.0,0.0,0.0,0.0,0.0,51.31498928799954
274.0,0.0,142.5759206169664,279.36032482063183,0.0,100.28211587192709,0.0,0.0,0.0,0.0,0.0,52.22183613095253
275.0,0.0,212.31763289147148,314.71388898901273,0.0,0.0,0.0,0.0,0.0,0.0,0.0,52.70315218804842
276.0,0.0,174.5666377519749,305.53787320285323,136.19472847561383,0.0,0.0,0.0,0.0,0.0,0.0,61.6299239430442
277.0,0.0,164.3097446931415,296.9559276352911,99.47901135842949,0.0,0.0,0.0,0.0,0.0,0.0,56.07446836868621
278.0,0.0,257.561872032413,287.6816549222617,0.0,0.0,0.0,0.0,0.0,0.0,0.0,54.52435269546747
279.0,0.0,221.92655501125046,278.9906224882634,104.10450460831657,104.59288649355835,0.0,0.0,0.0,0.0,0.0,70.96145686013888
280.0,0.0,160.16507761365028,296.8497088969734,120.17770998053106,93.65853186716981,0.0,0.0,0.0,0.0,0.0,67.08510283583246
281.0,0.0,226.10618530323973,307.7306517054494,135.94243392571593,0.0,0.0,0.0,0.0,0.0,0.0,66.97792709344051
282.0,0.0,215.79580171808698,297.85429029082866,151.5094230639877,100.46064113301304,0.0,0.0,0.0,0.0,0.0,76.56201562059164
283.0,0.0,205.61247091009227,288.96172832940465,168.93221952180738,0.0,0.0,0.0,0.0,0.0,0.0,66.35064187613042
284.0,0.0,195.59224727714854,278.9903568582831,130.68835525557802,134.3442693741813,0.0,0.0,0.0,0.0,0.0,73.9615228765191
285.0,0.0,185.6020893693394,269.5353660461785,120.08024846350759,124.68883273038864,0.0,0.0,0.0,0.0,0.0,69.99065366094142
286.0,0.0,176.21201071147243,260.0041901610216,136.3445883530544,115.82291601533916,0.0,0.0,0.0,0.0,0.0,68.83837052408876
287.0,0.0,192.4414779519186,250.50058674058073,153.31079380058395,107.52997917034327,0.0,0.0,0.0,0.0,0.0,70.37828376634266
288.0,0.0,209.9970152101148,266.7219475844852,170.5921210524873,99.61621479001974,0.0,0.0,0.0,0.0,0.0,74.6927298637107
289.0,0.0,198.96305620487033,283.80024302272864,159.621404047846,116.86164516377266,0.0,0.0,0.0,0.0,0.0,75.92463484392177
290.0,0.0,188.48502950032457,273.2147174418885,122.0218738627807,107.58161389647421,0.0,0.0,0.0,0.0,0.0,69.1303234701468
291.0,0.0,178.37004612832334,290.90608620304283,138.0361760545038,99.15540773587327,0.0,0.0,0.0,0.0,0.0,70.64677161217432
292.0,0.0,168.74764107804776,279.83801552373734,180.67063354597303,91.2855399987302,0.0,0.0,0.0,0.0,0.0,72.05418301464883
293.0,0.0,0.0,298.42463678595004,195.9983944931496,83.64599703666022,0.0,0.0,0.0,0.0,0.0,57.80690283157598
294.0,0.0,150.34247086081973,286.92397319779116,158.84039043632993,100.98517320470751,0.0,0.0,0.0,0.0,0.0,69.70920076996484
295.0,0.0,265.61929671444045,275.9409151064019,148.53138864347284,91.47126470795683,0.0,0.0,0.0,0.0,0.0,78.1562865172272
296.0,0.0,255.57922351174375,265.5014668205931,138.36102634267786,83.07925806483377,0.0,0.0,0.0,0.0,0.0,74.25209747398485
297.0,0.0,245.39968266661162,255.51062021227972,179.13912969101648,151.7328611110447,0.0,0.0,0.0,0.0,0.0,83.17822936809526
298.0,0.0,235.4964838442056,245.99057240558523,194.71280587842352,141.10708921002515,0.0,0.0,0.0,0.0,0.0,81.73069513382396
299.0,0.0,225.65101185655567,236.61385568914307,158.64288497374446,156.81473574788583,0.0,0.0,0.0,0.0,0.0,77.7722488267329
300.0,0.0,243.2730980693516,294.9652060644405,297.2068783442428,173.73029602324232,0.0,0.0,0.0,0.0,0.0,100.91754785012772
301.0,0.0,256.3398342505395,285.2410199286419,214.50759907760084,162.67216370446226,0.0,0.0,0.0,0.0,0.0,91.87606169612445
302.0,0.0,366.6239245960469,145.42174191927506,251.27909125757742,152.25920958777942,0.0,0.0,0.0,0.0,0.0,91.55839673606788
303.0,0.0,413.8142546279212,266.4870066799979,241.4037135091678,142.1336124070417,0.0,0.0,0.0,0.0,0.0,106.38385872241285
304.0,0.0,297.17520963015704,236.19846481303603,305.12410922031404,132.17551296042484,0.0,0.0,0.0,0.0,0.0,97.06732966239319
305.0,0.0,335.81954640690014,248.51387844196415,271.6419928436203,0.0,0.0,0.0,0.0,0.0,0.0,85.59754176924847
306.0,0.0,254.63907898230786,239.49251855322814,284.81951485398645,111.73732047223825,0.0,0.0,0.0,0.0,0.0,89.06884328617608
307.0,0.0,315.67721631115273,257.19890366511686,274.84409120436794,127.68445930090547,0.0,0.0,0.0,0.0,0.0,97.5404670481543
308.0,112.4018833862749,305.38112961056004,315.80587752671704,265.22197752171473,117.65019875453936,0.0,0.0,0.0,0.0,0.0,111.6461066799806
309.0,0.0,224.22032027641126,306.4725596802459,281.1999649961276,162.5289458232703,0.0,0.0,0.0,0.0,0.0,97.44217907760552
310.0,0.0,284.32922779640626,297.29844105168286,270.844939551449,151.2009700419594,0.0,0.0,0.0,0.0,0.0,100.36735784414975
311.0,0.0,274.3577425791045,288.2948131495598,260.2907752336573,140.64527114181897,0.0,0.0,0.0,0.0,0.0,96.35886021041406
312.0,0.0,290.54012873216084,277.27428986280984,250.11501333121805,157.6694346295276,0.0,0.0,0.0,0.0,0.0,97.55988665557163
313.0,0.0,279.7623561535438,268.2252302107015,266.3928629976747,199.97858505926388,0.0,0.0,0.0,0.0,0.0,101.43590344211839
314.0,0.0,270.0080726606245,259.34439138370385,255.98060706100182,374.14319176164463,0.0,0.0,0.0,0.0,0.0,115.94762628669748
315.0,0.0,260.46367589121655,275.4062474098962,245.92038708496648,205.20446689738878,0.0,0.0,0.0,0.0,0.0,98.6994777283468
316.0,0.0,279.02008557433237,265.33755664013756,235.27476055035618,376.36256942442174,0.0,0.0,0.0,0.0,0.0,115.59949721892478
317.0,123.24194572962756,337.3462147398493,283.8205340374293,252.72454006383032,209.6285343885845,0.0,0.0,0.0,0.0,0.0,120.6761768959321
318.0,0.0,329.66107331223725,273.0554944805033,241.959219576147,378.78947003849385,0.0,0.0,0.0,0.0,0.0,122.34652574073814
319.0,127.94770738716329,348.56931858280586,262.836715224762,257.28629301939304,370.1392008673404,0.0,0.0,0.0,0.0,0.0,136.67792350814645
320.0,117.30553229333964,338.47664443429426,359.9889040640692,221.5011694066459,254.65502559187644,0.0,0.0,0.0,0.0,0.0,129.19272757902255
321.0,106.94783874317523,252.26565321151702,350.8131766964748,186.61578790019098,267.88611025906107,0.0,0.0,0.0,0.0,0.0,116.45285668104191
322.0,96.74334281543315,320.0387545798426,341.5259294230716,225.92473386279516,369.30300457070257,0.0,0.0,0.0,0.0,0.0,135.3535765251845
323.0,0.0,311.73369002443565,332.10222313809527,216.17485889745353,384.42496063215026,0.0,0.0,0.0,0.0,0.0,124.44357326921347
324.0,103.26698406755827,354.44854237872596,323.15631376668375,311.7708781862109,373.9423494457744,0.0,0.0,0.0,0.0,0.0,146.65850678449533
325.0,0.0,385.8641287839703,314.47156632373185,273.2152504314438,364.1037982590767,0.0,0.0,0.0,0.0,0.0,133.76547437982225
326.0,0.0,376.43548611441247,305.8031440707193,289.45764084879556,354.32420866632765,0.0,0.0,0.0,0.0,0.0,132.6020479700255
327.0,99.22724869273702,367.0420981230675,322.1487541386448,278.6871956769962,274.8914047544315,0.0,0.0,0.0,0.0,0.0,134.1996701385877
328.0,0.0,400.87237860762934,312.739836928969,267.90279344015767,335.0206920030025,0.0,0.0,0.0,0.0,0.0,131.65357009797586
329.0,131.84227074715818,391.21815314787364,303.77880275571124,303.14076736317656,324.2314435967503,0.0,0.0,0.0,0.0,0.0,145.421143761067
330.0,174.6280095872221,382.0695185477264,294.9490057663704,293.1935743332306,314.9931612295836,0.0,0.0,0.0,0.0,0.0,145.9833269464133
331.0,110.62849199870811,375.2085880777586,311.2407204506594,237.56700681119264,305.6030871716166,0.0,0.0,0.0,0.0,0.0,134.02478945099352
332.0,179.9283027843228,367.53238773870567,323.55964262682005,273.2667417854393,295.7651406679879,0.0,0.0,0.0,0.0,0.0,144.00522156032758
333.0,193.36886629333299,384.22285074747833,314.4616427668027,291.10752511946544,286.6432173853534,0.0,0.0,0.0,0.0,0.0,146.9804102312433
334.0,105.98080617954315,428.63422096288514,305.44483800096964,206.88044437165695,304.79046814147205,0.0,0.0,0.0,0.0,0.0,135.1730777656527
335.0,121.25341514567549,487.8956350431017,249.83531722780117,310.67319859027907,153.50835877711847,0.0,0.0,0.0,0.0,0.0,132.31659247839758
336.0,161.98578817349267,513.6556928819425,285.30545914587015,300.6241939018098,255.07908071996098,0.0,0.0,0.0,0.0,0.0,151.66502148230762
337.0,151.46224381178627,452.55382595682704,276.43897371275034,201.9851844801451,270.7834758759386,0.0,0.0,0.0,0.0,0.0,135.32237038374473
338.0,168.25646425237687,446.8039796723565,266.99679219102836,282.4101610051023,260.2367164684324,0.0,0.0,0.0,0.0,0.0,142.47041135892965
339.0,131.05867027027966,439.9384853658273,354.5873670464871,273.0001005002475,250.8821275645298,0.0,0.0,0.0,0.0,0.0,144.94667507473713
340.0,146.9648116736007,433.4387204624693,345.3030520268353,350.8363832625246,153.94618984707608,0.0,0.0,0.0,0.0,0.0,143.0489157272506
341.0,136.77673209572777,426.9439241200839,265.24944496805597,341.5973133386874,232.88635260508454,0.0,0.0,0.0,0.0,0.0,140.34537671276397
342.0,153.42434185399975,420.15725366378797,256.60989657924165,332.43825546768585,178.4390784580553,0.0,0.0,0.0,0.0,0.0,134.10688260227704
343.0,143.02848250659417,437.4406339002228,248.42844794349594,323.3884368921622,261.4092157409184,0.0,0.0,0.0,0.0,0.0,141.36952169833935
344.0,159.73070513492394,428.77980170504975,240.32888688594494,314.6604131543552,251.85786568743288,0.0,0.0,0.0,0.0,0.0,139.53576725677067
345.0,149.19072760872314,420.76742325017426,259.6250477954486,305.5575986427714,242.20407576554203,0.0,0.0,0.0,0.0,0.0,137.73448730626595
346.0,138.83594789717245,412.81063956059006,270.88906936412855,254.08713826343387,232.85984030426675,0.0,0.0,0.0,0.0,0.0,130.94826353895917
347.0,128.90058657512213,446.5759444797168,261.81015580185976,118.09648791680434,223.84707483388183,0.0,0.0,0.0,0.0,0.0,117.92302496073849
348.0,119.1739157082086,464.62376582202205,253.33982524105227,213.3061095308483,268.18940948949444,0.0,0.0,0.0,0.0,0.0,131.86330257916256
349.0,109.08083674865338,471.9005634691248,270.0845715309208,269.29943187585104,161.40676454329082,0.0,0.0,0.0,0.0,0.0,128.1772168167841
350.0,126.67455779157194,462.52303036425224,260.55439979939865,287.2245741187646,245.1938399510011,0.0,0.0,0.0,0.0,0.0,138.21704020249885
351.0,116.09792907118162,453.81165779447065,277.59848219440596,276.7717969005805,234.87006444158783,0.0,0.0,0.0,0.0,0.0,135.91499304022267
352.0,106.1661904965431,445.2336285564661,267.5409913078495,313.73143071856407,225.16073620709517,0.0,0.0,0.0,0.0,0.0,135.7832977286518
353.0,124.59365334451081,437.68987166381953,284.2507525117003,304.00762798984874,263.1234063976351,0.0,0.0,0.0,0.0,0.0,141.36653119075146
354.0,113.93833391405428,429.52482603866224,274.04759146917627,294.40162951619413,253.18327140325573,0.0,0.0,0.0,0.0,0.0,136.50956523413427
355.0,103.63004144266574,422.1081800605598,300.6481536366359,285.4939370560537,243.41250830391027,0.0,0.0,0.0,0.0,0.0,135.52928204998256
356.0,93.94401866708267,355.3576878316501,291.94525405698937,275.2355055468129,234.42046274900054,0.0,0.0,0.0,0.0,0.0,125.09029288515356
357.0,84.91846252356004,427.88488554412015,247.02106144891786,318.00104114829514,276.27841956955103,0.0,0.0,0.0,0.0,0.0,135.41038702344443
358.0,111.41010000744859,472.2205886056613,238.3478354153508,307.62920540396203,266.3546215297936,0.0,0.0,0.0,0.0,0.0,139.59623509622162
359.0,0.0,497.6379601486526,230.6818101100555,297.4847885658053,256.1336829222048,0.0,0.0,0.0,0.0,0.0,128.19382417467182
360.0,0.0,488.13817316735606,222.98706854662373,287.673560331795,246.20431597060838,0.0,0.0,0.0,0.0,0.0,124.50031180163833
361.0,0.0,478.700445796228,215.46141582533232,252.95600209160943,236.69524731278943,0.0,0.0,0.0,0.0,0.0,118.38131110259592
362.0,0.0,563.8464354535499,208.17779842925324,267.5439846779086,253.9166715800916,0.0,0.0,0.0,0.0,0.0,129.34848901408034
363.0,0.0,646.3742680643064,248.57948126649012,314.29110475344487,216.09531088724066,0.0,0.0,0.0,0.0,0.0,142.53401649714823
364.0,0.0,668.8488602300116,238.13300836771145,302.7241297116784,231.64947592302565,0.0,0.0,0.0,0.0,0.0,144.1355474232427
365.0,0.0,691.3962691495972,228.88339004644058,291.7040683618709,220.63000451977564,0.0,0.0,0.0,0.0,0.0,143.26137320776843
366.0,0.0,542.3193646416339,252.62800533855193,280.9636143048526,327.1340895183803,0.0,0.0,0.0,0.0,0.0,140.30450738034187
367.0,0.0,536.4448148149756,211.42691470255568,270.65540593937317,403.9277482266184,0.0,0.0,0.0,0.0,0.0,142.24548836835228
368.0,0.0,624.0919818357638,203.4255569376844,260.69436933039015,375.04058044413046,0.0,0.0,0.0,0.0,0.0,146.32524885479688
369.0,0.0,616.7897190358333,195.90574538524197,278.51339313643484,368.0891121943405,0.0,0.0,0.0,0.0,0.0,145.92979697518507
370.0,0.0,609.5044160443703,188.59741557985376,267.58734020398106,360.756512398571,0.0,0.0,0.0,0.0,0.0,142.6445684226776
371.0,0.0,602.5552162048389,181.92608901703147,208.14477840107475,278.5568836807686,0.0,0.0,0.0,0.0,0.0,127.11829673037137
372.0,0.0,620.107670417592,199.26093344437913,246.862802777066,345.828612536485,0.0,0.0,0.0,0.0,0.0,141.20600191755221
373.0,0.0,610.8149497328012,306.5108711849641,264.94050494220346,337.9295427432853,0.0,0.0,0.0,0.0,0.0,152.0195868603254
374.0,0.0,602.1820581688462,297.28013099107807,228.1134402919231,330.3202692144971,0.0,0.0,0.0,0.0,0.0,145.78958986663446
375.0,0.0,512.7773882044972,287.9390936158218,243.82773704489614,220.26229344604303,0.0,0.0,0.0,0.0,0.0,126.4806512311258
376.0,0.0,580.9099874698345,305.2036323626194,146.18619970463578,314.9696554265895,0.0,0.0,0.0,0.0,0.0,134.72694749636793
377.0,0.0,572.9574484899568,295.0166227202467,222.7301827471881,332.3844155148713,0.0,0.0,0.0,0.0,0.0,142.3088669472263
378.0,0.0,565.1613993481992,285.1559379540706,213.4286852651992,321.9279025970884,0.0,0.0,0.0,0.0,0.0,138.56739251645575
379.0,0.0,537.4120730824717,275.27269749031643,204.7642337939228,312.50976449185123,0.0,0.0,0.0,0.0,0.0,132.9958768858562
380.0,0.0,548.8482921086429,265.9620062555641,221.8688686050741,329.1115869178534,0.0,0.0,0.0,0.0,0.0,136.57907538871345
381.0,0.0,541.3100970215328,256.94741958064014,248.04095441602635,363.30382013842086,0.0,0.0,0.0,0.0,0.0,140.960229115662
382.0,0.0,557.9715474742139,248.06943860515412,238.47124093684693,309.5919524517426,0.0,0.0,0.0,0.0,0.0,135.41041794679577
383.0,0.0,548.8485477062134,239.25781402305097,194.94468153097614,343.9102081525057,0.0,0.0,0.0,0.0,0.0,132.69612514127462
384.0,0.0,567.3949285674162,231.0336615307565,187.21790812988434,363.35243102709524,0.0,0.0,0.0,0.0,0.0,134.89989292551522
385.0,0.0,557.110207205214,223.16574287013623,179.19094195314028,325.68564041673494,0.0,0.0,0.0,0.0,0.0,128.51525324452254
386.0,0.0,547.8287696278003,242.61110487250198,171.77558270854456,362.1201268291718,0.0,0.0,0.0,0.0,0.0,132.43355840380187
387.0,0.0,539.2948814292774,232.313834424883,164.87357114591396,352.8496973204228,0.0,0.0,0.0,0.0,0.0,128.93319843204972
388.0,0.0,530.2897539011019,222.98931601393815,208.30301273070904,343.3649675023389,0.0,0.0,0.0,0.0,0.0,130.4947050148088
389.0,0.0,521.8155298142145,214.50000310522705,197.77282042973752,361.33626711651254,0.0,0.0,0.0,0.0,0.0,129.54246204656914
390.0,0.0,599.2006188021081,206.68472113316557,188.12752502566832,350.97378192626843,0.0,0.0,0.0,0.0,0.0,134.49866468872105
391.0,0.0,589.9756642336413,225.22035220892622,179.68938499105457,341.48459859008244,0.0,0.0,0.0,0.0,0.0,133.63700000237046
392.0,0.0,581.1238966362996,215.44189964405564,197.97313042447695,332.3007060007369,0.0,0.0,0.0,0.0,0.0,132.68396327055692
393.0,0.0,572.8154960461611,206.10109705095033,188.065654422448,373.4066834648572,0.0,0.0,0.0,0.0,0.0,134.03889309844166
394.0,0.0,564.0542276473674,248.16408939895632,178.89538206374164,363.3352086255925,0.0,0.0,0.0,0.0,0.0,135.4448907735658
395.0,0.0,587.382218232248,238.24668590469128,229.15512985996406,395.7960912463516,0.0,0.0,0.0,0.0,0.0,145.0580125243255
396.0,0.0,640.9930240818568,228.4443211933476,219.09592162267813,317.7456515244735,0.0,0.0,0.0,0.0,0.0,140.6278918422356
397.0,0.0,632.0623767217897,325.4765078842788,210.56159491394737,374.8004636678761,0.0,0.0,0.0,0.0,0.0,154.29009431878922
398.0,0.0,531.0365281438368,316.66651614311877,228.46986426455555,365.74095982905806,0.0,0.0,0.0,0.0,0.0,144.19138683805693
399.0,0.0,523.1433928508839,334.05160163231585,140.38322626815238,356.5295495839505,0.0,0.0,0.0,0.0,0.0,135.41077703353025
400.0,0.0,515.6062286463633,323.8897392139161,133.73612630344678,452.3037911451056,0.0,0.0,0.0,0.0,0.0,142.5535885308832
401.0,0.0,507.9548514534654,314.2827021924679,126.33195503186153,476.6393883448676,0.0,0.0,0.0,0.0,0.0,142.52088970226623
402.0,0.0,525.6706630328454,304.61762572700195,118.84834449041409,434.21731444208626,0.0,0.0,0.0,0.0,0.0,138.33539476923477
403.0,0.0,561.9787887529837,341.7754226375598,136.34480772905818,425.79764628215526,0.0,0.0,0.0,0.0,0.0,146.5896665401757
404.0,0.0,552.4787881803387,331.80257199922494,152.43127046830546,417.59062898246816,0.0,0.0,0.0,0.0,0.0,145.4303259630337
405.0,0.0,542.6363532087139,322.299456111273,169.56206455340998,409.3608894208485,0.0,0.0,0.0,0.0,0.0,144.38587632942455
406.0,0.0,533.6670062763276,313.30866770969874,158.95248097835383,437.1381609281243,0.0,0.0,0.0,0.0,0.0,144.30663158925046
407.0,0.0,524.8506524002055,330.81902651815744,149.33954491768372,391.33268536046467,0.0,0.0,0.0,0.0,0.0,139.63419091965113
408.0,0.0,516.4919134645738,320.67996403134634,244.5864689575078,383.1064087754653,0.0,0.0,0.0,0.0,0.0,146.48647552288932
409.0,0.0,555.8909811575834,311.062289290699,259.11829852947767,375.24433951338415,0.0,0.0,0.0,0.0,0.0,150.13159084911442
410.0,0.0,545.7650762686794,301.7585148236967,248.68459282056256,367.15460215039957,0.0,0.0,0.0,0.0,0.0,146.33627860633382
411.0,0.0,588.1790936961575,293.1185957710795,212.43865810192028,317.724459580606,0.0,0.0,0.0,0.0,0.0,141.14608071497634
412.0,0.0,578.4609244475548,326.91341986845964,253.21430970533197,348.7978481606842,0.0,0.0,0.0,0.0,0.0,150.73865021820308
413.0,0.0,598.6297855123735,361.4814967995917,217.0726164594048,393.5723792583826,0.0,0.0,0.0,0.0,0.0,157.07562780297525
414.0,0.0,588.4058626956811,351.7209993724314,182.65249851106796,382.83997629532564,0.0,0.0,0.0,0.0,0.0,150.5619336874506
415.0,0.0,610.4188233707229,341.86162319987034,276.1563573093267,372.47104961747823,0.0,0.0,0.0,0.0,0.0,160.0907853497398
416.0,0.0,571.1136415186552,332.68134809279945,265.19928593678287,235.68857146366872,0.0,0.0,0.0,0.0,0.0,140.4682847011906
417.0,0.0,563.1883895954517,323.8918012040958,228.05980735249796,352.17892551038176,0.0,0.0,0.0,0.0,0.0,146.7318923662427
418.0,0.0,555.7485910593556,315.38950112914176,244.0873796367498,342.769268923003,0.0,0.0,0.0,0.0,0.0,145.799474074825
419.0,0.0,548.2731023922248,307.7466532126107,233.69321945901697,333.9497962439384,0.0,0.0,0.0,0.0,0.0,142.36627713077908
420.0,0.0,592.6737840135942,300.3173654894488,223.60319735491612,351.48338282523264,0.0,0.0,0.0,0.0,0.0,146.80777296831917
421.0,0.0,584.0000441693694,318.5263514268154,213.8404056336226,369.01623104528676,0.0,0.0,0.0,0.0,0.0,148.5383032275094
422.0,0.0,575.1683691295676,243.19406382706484,317.12761296420945,358.0801496812571,0.0,0.0,0.0,0.0,0.0,149.35701956020992
423.0,0.0,519.2808483869895,296.9919500211788,308.1915496929323,375.1299718469029,0.0,0.0,0.0,0.0,0.0,149.95943199480035
424.0,0.0,512.1104228406756,287.72988699994085,324.6458186289476,433.1625871882061,0.0,0.0,0.0,0.0,0.0,155.764871565777
425.0,0.0,532.7679927933526,279.2068328798184,314.6061790738331,353.77928216698365,0.0,0.0,0.0,0.0,0.0,148.03602869139877
426.0,0.0,549.8006642017082,271.4810964909948,305.0217986620337,343.67497674812375,0.0,0.0,0.0,0.0,0.0,146.99785361028603
427.0,0.0,538.5949345174528,288.13818444149433,295.37698138460064,334.12373382008445,0.0,0.0,0.0,0.0,0.0,145.62338341636323
428.0,0.0,554.5785304874711,279.08413367945354,286.0554196620426,324.87345944480103,0.0,0.0,0.0,0.0,0.0,144.45915432737684
429.0,0.0,570.8709883176862,269.7944310130788,277.0058103393483,315.99911928866663,0.0,0.0,0.0,0.0,0.0,143.367034895878
430.0,0.0,560.306126867646,261.7525843917738,268.17410578837166,307.5511358980639,0.0,0.0,0.0,0.0,0.0,139.77839529458552
431.0,0.0,549.6742243625123,253.56783989105293,259.2175725631307,368.498830853375,0.0,0.0,0.0,0.0,0.0,143.0958467670071
432.0,0.0,539.5755891102638,296.60090039380134,250.15325347148496,358.99696228886705,0.0,0.0,0.0,0.0,0.0,144.5326705264417
433.0,0.0,529.8945162023808,331.00433297348104,241.39561509118812,349.8062478978734,0.0,0.0,0.0,0.0,0.0,145.21007121649234
434.0,0.0,520.4961002626005,321.1069875573469,232.43124386226395,340.77771959893744,0.0,0.0,0.0,0.0,0.0,141.48120512811488
435.0,0.0,511.8235704598367,311.3398074095728,223.98236532435203,289.07938611455074,0.0,0.0,0.0,0.0,0.0,133.62251293083122
436.0,0.0,529.1070234253585,301.8642198713037,215.37202363174197,463.25150372023177,0.0,0.0,0.0,0.0,0.0,150.95947706486362
437.0,0.0,519.1345158525019,293.1175454161305,164.34026505496445,470.33941445746655,0.0,0.0,0.0,0.0,0.0,144.69317407810632
438.0,0.0,510.17165170375574,284.58727820262266,196.82176914370234,464.830431241744,0.0,0.0,0.0,0.0,0.0,145.64111302918246
439.0,0.0,501.5561670380822,276.985788803481,214.13255178629015,458.73963951292444,0.0,0.0,0.0,0.0,0.0,145.1414147140778
440.0,0.0,493.1114837211369,294.9262257580997,226.8228890738451,453.23735385029727,0.0,0.0,0.0,0.0,0.0,146.8097952403379
441.0,0.0,509.35214129058943,285.2537597369969,217.58897325521502,447.43586922977875,0.0,0.0,0.0,0.0,0.0,145.963074351258
442.0,0.0,500.08423111539935,276.33639423413774,208.6507731466129,452.1045210200325,0.0,0.0,0.0,0.0,0.0,143.71759195161826
443.0,0.0,526.7281449480184,267.9004087704236,200.01369027291935,444.14394123870034,0.0,0.0,0.0,0.0,0.0,143.87861852300617
444.0,0.0,482.9387832245818,286.40257283347887,191.90056425835587,436.6033881860833,0.0,0.0,0.0,0.0,0.0,139.78453085024998
445.0,0.0,475.2891176795829,276.3118499279376,183.9347474307549,429.80420383692945,0.0,0.0,0.0,0.0,0.0,136.53399188752047
446.0,0.0,467.74530429174706,267.31998013348925,176.54992048152576,422.4384152974469,0.0,0.0,0.0,0.0,0.0,133.4053620204209
447.0,119.67080354993277,460.4942076542284,218.00207933195406,169.5580701659278,440.6978615654434,0.0,0.0,0.0,0.0,0.0,140.84230222674864
448.0,108.40190462237229,484.17287637473646,249.4841431625514,187.0844014785646,430.82687955213896,0.0,0.0,0.0,0.0,0.0,145.99702051903637
449.0,0.0,476.5444803827322,267.9579505582792,177.55206633930834,421.8858414954718,0.0,0.0,0.0,0.0,0.0,134.39403387757915
450.0,0.0,497.16424118182954,257.97928171204876,169.1159940131006,413.50864865708786,0.0,0.0,0.0,0.0,0.0,133.7768165564067
451.0,104.62679664868415,492.61847046958053,249.25307273758858,236.1179069189393,405.9035176664761,0.0,0.0,0.0,0.0,0.0,148.85197644412688
452.0,122.35056327746838,491.1606066295559,241.1569424904494,225.91631714495952,398.78767883736737,0.0,0.0,0.0,0.0,0.0,147.93721083798005
453.0,110.99921910928333,419.272304969935,232.48226032497155,215.94487753933004,391.5276784283119,0.0,0.0,0.0,0.0,0.0,137.0226340371832
454.0,100.07581735482609,412.60680137607596,225.24245883964045,206.27028882350987,382.4367417068072,0.0,0.0,0.0,0.0,0.0,132.66321081008596
455.0,0.0,406.71322003786986,216.94676590242534,196.9644053244806,401.6361026681964,0.0,0.0,0.0,0.0,0.0,122.22604939329722
456.0,107.60176476452148,399.6650490909933,234.22734939986117,213.0770983284192,391.5112586396524,0.0,0.0,0.0,0.0,0.0,134.60825202234474
457.0,96.55569002771813,393.2545978857552,225.03335612558635,297.0401590585668,382.587166175025,0.0,0.0,0.0,0.0,0.0,139.44709692726514
458.0,0.0,387.2441598936771,242.97173876363127,218.928015232907,374.240665180665,0.0,0.0,0.0,0.0,0.0,122.33845790708804
459.0,103.38185255312374,381.36937111808834,232.97743732706795,208.7981725305965,366.1652969359661,0.0,0.0,0.0,0.0,0.0,129.26921304648425
460.0,0.0,418.52871709983106,223.78257531461622,199.20408171679196,359.4057519890341,0.0,0.0,0.0,0.0,0.0,120.09211261202734
461.0,0.0,435.41291290338654,215.38050760059855,190.04675041974656,352.9153730462963,0.0,0.0,0.0,0.0,0.0,119.37555439700279
462.0,0.0,425.8006723251324,255.2377001113473,180.50644461104935,370.15973177806336,0.0,0.0,0.0,0.0,0.0,123.17045488255924
463.0,0.0,417.1174724275063,245.98940418198072,171.98463175035317,361.1952696611779,0.0,0.0,0.0,0.0,0.0,119.6286778021018
464.0,0.0,409.0266856761996,237.190545364022,190.59526603411564,352.8890119128505,0.0,0.0,0.0,0.0,0.0,118.97015089871877
465.0,96.59171968212172,425.01596748414613,228.63638075630388,180.49268393223042,369.99534382207366,0.0,0.0,0.0,0.0,0.0,130.07320956768757
466.0,0.0,416.1876137359775,272.18595862730285,171.28372256460466,360.68200695451833,0.0,0.0,0.0,0.0,0.0,122.03393018824033
467.0,104.54255460212335,408.0273269975655,362.27274575624256,162.45276045654532,352.384696667443,0.0,0.0,0.0,0.0,0.0,138.96800844799196
468.0,0.0,450.558533204465,227.0026100035509,276.00277022172463,375.14052753374904,0.0,0.0,0.0,0.0,0.0,132.87044409634896
469.0,0.0,462.64183053289685,306.8356442482093,201.49755498406012,425.0650797089636,0.0,0.0,0.0,0.0,0.0,139.60401094741297
470.0,0.0,549.8348923166252,298.4347154061595,193.14953557795548,416.1756275706557,0.0,0.0,0.0,0.0,0.0,145.7594770871396
471.0,142.83769314026654,541.8570266978232,201.308009604581,185.6861320167368,408.8200019418962,0.0,0.0,0.0,0.0,0.0,148.05088634013038
472.0,131.69493244137857,533.4181048569525,278.8293132193878,178.47923953107897,401.8717212341139,0.0,0.0,0.0,0.0,0.0,152.42933112829118
473.0,120.66186966562782,585.8156384875996,270.00012253263844,198.95564889887692,394.8471779948991,0.0,0.0,0.0,0.0,0.0,157.02804575796418
474.0,110.30006026590718,516.2727356912145,261.48900891210815,188.85004293160728,388.29787766781715,0.0,0.0,0.0,0.0,0.0,146.52097254686544
475.0,179.67351377302816,508.3941146777564,353.2962778823346,206.6637479068554,381.83663943667375,0.0,0.0,0.0,0.0,0.0,162.98642936766484
476.0,141.26177998497496,500.7131020689916,342.50106516467326,224.78012941995576,375.1429888046164,0.0,0.0,0.0,0.0,0.0,158.4399065443212
477.0,157.303563035357,493.4511595635332,332.014806751645,187.18891246677777,395.26117684192195,0.0,0.0,0.0,0.0,0.0,156.52196186592352
478.0,352.74039931050675,510.8799849594334,321.78064762361646,250.7955680935993,389.4388572897217,0.0,0.0,0.0,0.0,0.0,182.56354572768777
479.0,281.85084339679656,501.33556776409534,311.87168654446396,240.2065206191494,407.3506649719345,0.0,0.0,0.0,0.0,0.0,174.261528329644
480.0,358.4834791314638,492.3797768944287,302.18499076605144,230.09199537923314,399.05019499327705,0.0,0.0,0.0,0.0,0.0,178.2190437164454
481.0,348.46830336119774,483.8398625656139,292.9574313800272,220.67816038243473,391.88441013476654,0.0,0.0,0.0,0.0,0.0,173.782816782404
482.0,338.93453243241265,475.70738249676106,283.9349755515184,211.57665545022155,408.5778325325757,0.0,0.0,0.0,0.0,0.0,171.87313784634892
483.0,169.88692831568187,492.20269299318375,300.12529341505365,381.9488053426928,399.83853489853846,0.0,0.0,0.0,0.0,0.0,174.40022549651505
484.0,320.0041137870678,482.6997817272552,290.41350862862146,373.9373057105206,392.3003609306379,0.0,0.0,0.0,0.0,0.0,185.9355070784103
485.0,309.94026868613446,473.30516330386126,281.3840532888662,408.8647804905145,385.22172942990505,0.0,0.0,0.0,0.0,0.0,185.87159951992814
486.0,300.9285039979761,546.4799422535618,273.10171661899744,399.89808277667316,378.7354833767595,0.0,0.0,0.0,0.0,0.0,189.9143729023968
487.0,267.9863438887046,600.6754960881968,264.9733045361679,391.7843226776149,394.6469046113723,0.0,0.0,0.0,0.0,0.0,192.00663718020567
488.0,281.5916049655855,447.95592898985956,256.86943531974043,383.52595756448864,386.5581631402499,0.0,0.0,0.0,0.0,0.0,175.6501089979924
489.0,271.2627918398209,545.9470384348248,274.4606771966853,445.49010592089417,379.1070766375565,0.0,0.0,0.0,0.0,0.0,191.62676900297816
490.0,287.12125877036215,539.6492502865218,264.6595489550764,435.92408723244466,372.1345090414436,0.0,0.0,0.0,0.0,0.0,189.94886542858484
491.0,372.78575254751377,581.2530845891853,255.89245083830315,426.9441567501558,365.1991971825778,0.0,0.0,0.0,0.0,0.0,200.20746419077358
492.0,365.0291208422059,571.7173282432105,247.3541642256282,417.70066472489316,456.5658902030209,0.0,0.0,0.0,0.0,0.0,205.83671682389587
493.0,257.2425889391984,589.9707505793091,332.4025742478973,453.59467809861485,387.57716585270737,0.0,0.0,0.0,0.0,0.0,202.0787757717727
494.0,348.58342852641704,579.4819634669166,323.6407401754941,400.1450499060486,380.0440191465898,0.0,0.0,0.0,0.0,0.0,203.1895201221466
495.0,340.43749257100376,596.8182132864765,341.64666531218745,391.39772250811575,373.146088647959,0.0,0.0,0.0,0.0,0.0,204.34461823257425
496.0,332.28132010715376,670.7248825427771,370.66986606116507,382.6602817243813,392.6288297302474,0.0,0.0,0.0,0.0,0.0,214.89651801657246
497.0,351.5202192967736,576.2636815892321,322.9093857912087,374.1523265986996,383.03006856981506,0.0,0.0,0.0,0.0,0.0,200.7875681845729
498.0,341.0641960722462,567.2479345838456,314.64683787176523,447.90683641302985,374.6691353319861,0.0,0.0,0.0,0.0,0.0,204.5534940272873
499.0,267.69456447697894,558.6803859618981,305.87189285230374,444.88245758695894,391.72929474189664,0.0,0.0,0.0,0.0,0.0,196.88585956200365
500.0,321.1639169374114,549.1201271819037,298.1604955047735,349.08480811507,382.31148698815946,0.0,0.0,0.0,0.0,0.0,189.9840834727318
501.0,310.511156579337,642.1469717637661,291.0805751846358,340.05063589397264,419.66840763165374,0.0,0.0,0.0,0.0,0.0,200.3457747053365
502.0,384.88137225167475,633.3375718552825,283.5821528854767,332.11240886043015,410.2667857142153,0.0,0.0,0.0,0.0,0.0,204.41802915670795
503.0,376.3320384725041,625.1763816556611,276.05424381062926,324.2769935351207,451.8868390950945,0.0,0.0,0.0,0.0,0.0,205.37264965690096
504.0,418.2054810643476,616.1639356615359,269.4440525253924,315.7752566782783,442.0291262145022,0.0,0.0,0.0,0.0,0.0,206.16178521440565
505.0,375.927679073915,608.0676945523575,332.51522243192335,375.9171893413943,341.6176383187194,0.0,0.0,0.0,0.0,0.0,203.40454237183096
506.0,367.54962227018837,599.9613551166796,322.63013515431385,392.73832973010985,420.4872848748621,0.0,0.0,0.0,0.0,0.0,210.33667271461536
507.0,359.7555506117178,633.2054264824313,355.9779203625708,382.6964971444545,437.34508983774117,0.0,0.0,0.0,0.0,0.0,216.89804844389155
508.0,351.79360995738057,734.4562562363417,304.23946382991994,398.5792829939919,427.129559552473,0.0,0.0,0.0,0.0,0.0,221.6198172570107
509.0,343.76613897631455,724.7392339909068,323.0294504135684,388.305811122817,417.555565115164,0.0,0.0,0.0,0.0,0.0,219.73961996187708
510.0,335.593055290439,716.2271434674564,312.58627839629185,377.8193475731762,408.3802790346999,0.0,0.0,0.0,0.0,0.0,215.06061037620634
511.0,327.56410618557675,733.8582567512291,303.16764866955555,393.818602523098,530.3002951135588,0.0,0.0,0.0,0.0,0.0,228.8708909243018
512.0,318.2483919895824,724.0310538797631,294.5013146192398,382.98216720040773,391.58111111791254,0.0,0.0,0.0,0.0,0.0,211.13440388069057
513.0,335.41728164679944,677.2047894539339,286.198841023647,373.20362678125707,383.68882300886935,0.0,0.0,0.0,0.0,0.0,205.5713361914507
514.0,325.24643298152273,670.2824404145,237.1828713809216,363.71141879885226,376.10188351256124,0.0,0.0,0.0,0.0,0.0,197.25250470883577
515.0,315.6761676873955,688.8901081542713,292.07504599519666,354.6136319054058,572.6036611431541,0.0,0.0,0.0,0.0,0.0,222.38586148854233
516.0,333.1983880546445,679.1713257918522,283.2030190151054,371.679553566257,594.5797394242522,0.0,0.0,0.0,0.0,0.0,226.18320258521118
517.0,322.64920627401193,695.8039316543812,273.9340062981712,412.9143941521593,477.15652503531305,0.0,0.0,0.0,0.0,0.0,218.24580634140366
518.0,422.9380982432806,686.0954518142036,292.97027308266456,302.63131654463155,566.5443581421034,0.0,0.0,0.0,0.0,0.0,227.11794978268836
519.0,363.5568363752543,765.1061042523796,282.7084072626699,340.0535979047054,556.7026233371263,0.0,0.0,0.0,0.0,0.0,230.81275691321352
520.0,354.7240960962981,791.6428326203387,273.38195312164703,413.4712769175603,547.8863069280935,0.0,0.0,0.0,0.0,0.0,238.11064656839375
521.0,346.12388823428455,782.8221668821567,264.95199816913555,446.5622167836957,539.5801590821399,0.0,0.0,0.0,0.0,0.0,238.00404291514124
522.0,337.13557523651616,650.6237030447668,283.87015174390535,503.6169536058976,532.0360167896777,0.0,0.0,0.0,0.0,0.0,230.72824004207638
523.0,328.34669562771705,728.6429282140173,273.75278992079757,451.0170413915905,524.1714410034518,0.0,0.0,0.0,0.0,0.0,230.59308961575744
524.0,320.1388674150819,612.2323222591846,264.7999923648158,442.35299409093864,541.295725881538,0.0,0.0,0.0,0.0,0.0,218.0819902011559
525.0,311.59151252243964,710.5381642362574,256.16352468696437,433.7550145837938,560.0619940042853,0.0,0.0,0.0,0.0,0.0,227.21102100337407
526.0,303.19704263218046,701.5762833690059,275.97956484128326,425.16470611432624,549.1498726408289,0.0,0.0,0.0,0.0,0.0,225.5067469597625
527.0,295.42624399040506,692.8271104186792,265.2498042624636,442.57155777686125,584.7877628369739,0.0,0.0,0.0,0.0,0.0,228.08624792853828
528.0,286.8431362047877,684.7166906494341,255.87682308664375,432.80988254827935,575.2142657415048,0.0,0.0,0.0,0.0,0.0,223.54607982306499
529.0,278.49645109609264,676.4305280804341,247.19068803336222,423.55356189763756,617.544062857693,0.0,0.0,0.0,0.0,0.0,224.321529196522
530.0,269.91751882726294,668.0306156682007,239.53789613935965,504.82451254544446,607.0121568320013,0.0,0.0,0.0,0.0,0.0,228.93227000122693
531.0,262.02220209086545,660.0227786610232,257.6050766322312,508.52161854441374,597.1678850916917,0.0,0.0,0.0,0.0,0.0,228.5339561020225
532.0,280.4692257583515,652.0778374964683,247.85203882925248,445.357493315629,587.4028573214703,0.0,0.0,0.0,0.0,0.0,221.31594527211715
533.0,270.37685103875856,643.7555517427226,239.04236842200748,518.808705459443,577.8540269180648,0.0,0.0,0.0,0.0,0.0,224.98375035809963
534.0,309.88690726026516,636.0518191201467,230.9250398540521,530.3688116892097,595.3184947629751,0.0,0.0,0.0,0.0,0.0,230.25510726866486
535.0,250.4506501521564,628.3894135357475,223.6566078367507,538.1834259759602,584.5908711612151,0.0,0.0,0.0,0.0,0.0,222.527096866183
536.0,419.2243543595366,599.3539346817732,217.03403367499277,564.3547257549035,574.3708248744798,0.0,0.0,0.0,0.0,0.0,237.43378733456856
537.0,362.31775486589936,611.1612876548245,210.81653742793037,557.275697400285,564.7803658556778,0.0,0.0,0.0,0.0,0.0,230.6351643204617
538.0,294.2487934772844,604.1602810829828,226.6695583654557,500.28966885406567,555.285988469846,0.0,0.0,0.0,0.0,0.0,218.0654290249635
539.0,369.59410185097363,596.8241369995565,218.17137433477387,492.6901231616814,592.6434298499249,0.0,0.0,0.0,0.0,0.0,226.99231661969102
540.0,359.5562109103871,589.847401542932,210.7386585352274,485.0192840500017,582.5373101366886,0.0,0.0,0.0,0.0,0.0,222.76988651752367
541.0,350.0299265789606,607.1799535471074,203.12589717697847,477.77614701706614,572.9903262180247,0.0,0.0,0.0,0.0,0.0,221.11022505381374
542.0,340.88767213000415,598.0636461107022,222.45387905130156,470.69426459942474,589.7938444758962,0.0,0.0,0.0,0.0,0.0,222.1893306367329
543.0,385.0525719946961,589.6358155662437,212.8185871006276,461.8790791173885,579.3410918298455,0.0,0.0,0.0,0.0,0.0,222.8727145608801
544.0,374.3500495364283,630.7187755086217,204.4816657661529,479.93074506443725,569.8923028713825,0.0,0.0,0.0,0.0,0.0,225.9373538747023
545.0,363.71691924943116,620.9000895378738,244.6511261010976,469.7885100600008,560.6242555735562,0.0,0.0,0.0,0.0,0.0,225.96809005219592
546.0,353.62473419971775,612.0104758936708,282.35398687457973,460.9252983832273,551.2485055984138,0.0,0.0,0.0,0.0,0.0,226.01630009496094
547.0,369.53092728468073,622.95466807701,272.4743875496506,452.6947256522517,588.8279607635628,0.0,0.0,0.0,0.0,0.0,230.64826693271556
548.0,396.0861735479439,614.9824741749447,289.6482271933494,444.54028574894687,579.4347968951892,0.0,0.0,0.0,0.0,0.0,232.46919575603738
549.0,386.9792647224085,606.9736624931348,300.28009944262226,461.2063848750013,570.3479652517805,0.0,0.0,0.0,0.0,0.0,232.57873767849475
550.0,378.278267363698,598.9923074348902,290.47876328677944,451.7098457428158,561.8375174755612,0.0,0.0,0.0,0.0,0.0,228.12967013037445
551.0,432.6392616150904,590.973618498115,328.3405956699205,443.34046620717936,590.2297974500776,0.0,0.0,0.0,0.0,0.0,238.5523739440383
552.0,422.9776021479795,582.5855879966797,272.49780249288824,435.22459919937296,582.196496139592,0.0,0.0,0.0,0.0,0.0,229.5482087976512
553.0,413.98882534401446,574.9820859728043,331.47447763207515,452.75849418151574,574.2456928732649,0.0,0.0,0.0,0.0,0.0,234.74495760036743
554.0,445.7169883365759,567.1441588018844,322.116996086309,443.10427160026074,566.4564430638632,0.0,0.0,0.0,0.0,0.0,234.45388578888932
555.0,437.4073634626948,587.0117088802734,411.89307166915705,458.90355428298994,585.4213137643866,0.0,0.0,0.0,0.0,0.0,248.0637012059502
556.0,540.2890593830853,576.600803722764,403.9408905570351,449.25228310991565,618.2139270047664,0.0,0.0,0.0,0.0,0.0,258.82969637775665
557.0,464.53524585361674,566.9063632911605,395.4228092771716,440.12922953697694,609.1965217886114,0.0,0.0,0.0,0.0,0.0,247.61901697475372
558.0,455.58286499861606,583.8163489326176,424.25907253147307,431.3311076506052,534.1571776942161,0.0,0.0,0.0,0.0,0.0,242.91465718075278
559.0,446.9766415347451,574.1139992890376,379.0444909354628,467.58513473757034,617.2368348775292,0.0,0.0,0.0,0.0,0.0,248.49571013743451
560.0,438.12509571488476,598.1566555377084,371.2786568976712,352.60218383812753,628.0446661779431,0.0,0.0,0.0,0.0,0.0,238.8207258166335
561.0,429.5511363905657,588.6363031994346,363.10033103808564,474.5151028649707,530.2057989856662,0.0,0.0,0.0,0.0,0.0,238.6008672478723
562.0,421.0175854008453,652.2670324443764,355.2652164940739,463.86501169843064,607.7732275279726,0.0,0.0,0.0,0.0,0.0,250.01880735656988
563.0,412.6798540633665,515.6458339086018,347.42514624872274,454.09047784377435,599.321713925545,0.0,0.0,0.0,0.0,0.0,232.91630259900103
564.0,403.8533360536924,621.9738023040375,339.4633736550404,444.9504785013214,566.91735030055,0.0,0.0,0.0,0.0,0.0,237.71583408146415
565.0,395.0068885406017,520.7732782068855,331.739946783855,472.5405201837193,535.1249897865706,0.0,0.0,0.0,0.0,0.0,225.51856235016322
566.0,463.55199511345654,514.0032831276575,323.6076352981172,463.4647629054791,569.278533159752,0.0,0.0,0.0,0.0,0.0,233.39062096044626
567.0,452.3873872063816,507.86987248572564,315.9447747754125,505.6249912112496,585.9441448785005,0.0,0.0,0.0,0.0,0.0,236.77711705572702
568.0,470.6484506196489,501.61881748239546,307.8069714314179,495.68929969170244,576.3379286560186,0.0,0.0,0.0,0.0,0.0,235.21014678811835
569.0,459.4094224059495,345.4227207484266,325.75257384351903,486.08132746568003,567.1427030288093,0.0,0.0,0.0,0.0,0.0,218.38087474923844
570.0,485.42869878220563,512.9234893416842,315.7125461222372,502.1928414169721,558.3412147913309,0.0,0.0,0.0,0.0,0.0,237.459879045443
571.0,475.98583384882886,502.7460251007286,306.30249326769285,492.4404421437281,549.8202861378568,0.0,0.0,0.0,0.0,0.0,232.7295080498835
572.0,402.3608618462829,520.4654936878923,345.9196847605824,482.73998921418695,517.7149231704238,0.0,0.0,0.0,0.0,0.0,226.92009526793686
573.0,393.14537269179505,510.51113857542816,335.6891426797672,473.6007275801978,529.8044499595117,0.0,0.0,0.0,0.0,0.0,224.27508314867
574.0,448.9364050008214,528.4447951317495,326.50436055257774,464.56289451320845,522.3901363130503,0.0,0.0,0.0,0.0,0.0,229.08385915114076
575.0,465.60978823668256,518.1213479864986,317.45305473332405,494.7949251534192,587.3213382237266,0.0,0.0,0.0,0.0,0.0,238.33004543336511
576.0,477.0064272753965,508.86948713275444,355.50786018770305,446.61940228462686,588.6929054152837,0.0,0.0,0.0,0.0,0.0,237.66960822957645
577.0,468.22512970063235,525.0704855533412,345.72222045556396,477.4771711726712,581.6011059693744,0.0,0.0,0.0,0.0,0.0,239.80961128515827
578.0,370.58718226211477,542.5410583330554,336.5159766189047,388.74177430513146,572.9324171571357,0.0,0.0,0.0,0.0,0.0,221.13184086763422
579.0,449.60485571231925,532.0298621802299,327.6223369783945,478.9591065917066,564.4747430915482,0.0,0.0,0.0,0.0,0.0,235.26909045541984
580.0,475.68672372709625,522.3376070692049,319.14379319414365,471.2210098293358,589.4764963995489,0.0,0.0,0.0,0.0,0.0,237.78656302193295
581.0,493.11173621126227,604.0637277002137,227.46460608225425,529.8980978512222,548.0988274391984,0.0,0.0,0.0,0.0,0.0,240.2636995284151
582.0,483.3925402777164,641.3975737222491,298.5489246777606,479.05455614231914,540.7107561566561,0.0,0.0,0.0,0.0,0.0,244.31043509767014
583.0,474.3033101983888,631.6453938185708,317.3727814742756,469.7765517968444,533.6028243267276,0.0,0.0,0.0,0.0,0.0,242.67008616148073
584.0,465.751593596221,622.8226426942931,307.0944098635907,461.4018951755818,526.0954280472679,0.0,0.0,0.0,0.0,0.0,238.31659693769544
585.0,328.39069990005055,614.3935793537413,324.92688920022283,453.15419956586834,544.6227781304497,0.0,0.0,0.0,0.0,0.0,226.54881461503328
586.0,423.96884918751084,641.2130472645948,339.4604321147708,444.7542059435698,561.6704756179657,0.0,0.0,0.0,0.0,0.0,241.10670101284123
587.0,436.6695844131118,556.304862267948,329.5929915309407,436.60757782466635,551.2406370530827,0.0,0.0,0.0,0.0,0.0,231.04156530897495
588.0,453.3645559819993,622.9756772667663,233.24029655839854,491.3280690157783,562.493844355735,0.0,0.0,0.0,0.0,0.0,236.34024431786776
589.0,397.2735032031733,580.332739729503,310.2758250495772,444.5175716651513,554.2045922247896,0.0,0.0,0.0,0.0,0.0,228.66042318721944
590.0,458.3270419484995,572.9014557933239,300.9800170449005,435.8420409971927,545.9949890155058,0.0,0.0,0.0,0.0,0.0,231.40455447994228
591.0,545.5368401734237,565.8047106726766,318.4143458921578,428.07476382577465,538.0871469727514,0.0,0.0,0.0,0.0,0.0,239.5917807536784
592.0,534.7035409895559,558.603158931259,336.1966407228049,420.6521864884701,530.470914430024,0.0,0.0,0.0,0.0,0.0,238.0626441562114
593.0,547.1634575450113,550.9464266296313,325.15952377591816,412.95369433439464,523.2699628303095,0.0,0.0,0.0,0.0,0.0,235.9493065115265
594.0,537.1490595442667,569.0809593658537,314.7815358916878,405.97665540630214,516.1098111681756,0.0,0.0,0.0,0.0,0.0,234.3098021376286
595.0,527.1826973503642,559.7066571737529,304.9092207698909,399.4415451373318,509.4337863947211,0.0,0.0,0.0,0.0,0.0,230.0673906826061
596.0,517.7516283151876,551.564466165948,379.5783706767029,392.53556061425525,526.6706263827582,0.0,0.0,0.0,0.0,0.0,236.8100652154852
597.0,460.6839529565582,543.655794923211,389.13937438904486,385.5155641044771,549.9044272400051,0.0,0.0,0.0,0.0,0.0,232.88991136132964
598.0,404.46933049786753,536.5934114382557,380.5276699576593,403.8843827400549,540.581048283435,0.0,0.0,0.0,0.0,0.0,226.60558429172724
599.0,617.5672008096745,529.7632291058665,372.4620573272987,394.717694863848,500.6464328642812,0.0,0.0,0.0,0.0,0.0,241.5156614970969
600.0,529.6465497393148,522.7593339118106,364.6308678197861,433.07860503627194,493.4465923183992,0.0,0.0,0.0,0.0,0.0,234.35619488255824
